{"cameraMode":{"drawMode":0,"name":"Shaded","section":"Shading Mode"},"sceneLighting":false,"audioPlay":false,"sceneViewState":{"showFog":true,"showMaterialUpdate":false,"showSkybox":false,"showFlares":true,"showImageEffects":true,"showParticleSystems":true},"in2DMode":false,"pivot":{"x":-1.9057189226150513,"y":-0.09678609669208527,"z":2.9310405254364015},"rotation":{"x":0.18636876344680787,"y":0.3748354911804199,"z":-0.07721028476953507,"w":0.9049462080001831},"size":5.150437355041504,"orthographic":false}