{"cameraMode":{"drawMode":0,"name":"Shaded","section":"Shading Mode"},"sceneLighting":false,"audioPlay":false,"sceneViewState":{"showFog":true,"showMaterialUpdate":false,"showSkybox":false,"showFlares":true,"showImageEffects":true,"showParticleSystems":true},"in2DMode":false,"pivot":{"x":-2.1197075843811037,"y":-0.47125041484832766,"z":0.29137536883354189},"rotation":{"x":-0.007017084397375584,"y":0.9919608235359192,"z":-0.06318295747041702,"w":-0.10995950549840927},"size":6.350465297698975,"orthographic":false}