{"cameraMode":{"drawMode":0,"name":"Shaded","section":"Shading Mode"},"sceneLighting":false,"audioPlay":false,"sceneViewState":{"showFog":true,"showMaterialUpdate":false,"showSkybox":false,"showFlares":true,"showImageEffects":true,"showParticleSystems":true},"in2DMode":false,"pivot":{"x":0.09512306749820709,"y":0.665442168712616,"z":-0.34602969884872439},"rotation":{"x":-0.019128140062093736,"y":0.9592248797416687,"z":-0.06687671691179276,"w":-0.2741681635379791},"size":6.905490398406982,"orthographic":false}