{"cameraMode":{"drawMode":0,"name":"Shaded","section":"Shading Mode"},"sceneLighting":false,"audioPlay":false,"sceneViewState":{"showFog":true,"showMaterialUpdate":false,"showSkybox":false,"showFlares":true,"showImageEffects":true,"showParticleSystems":true},"in2DMode":false,"pivot":{"x":1225.639404296875,"y":873.6390380859375,"z":12.546297073364258},"rotation":{"x":0.05597366392612457,"y":0.06256019324064255,"z":-0.0035250489600002767,"w":0.9965269565582275},"size":975.2454223632813,"orthographic":false}