{"cameraMode":{"drawMode":0,"name":"Shaded","section":"Shading Mode"},"sceneLighting":false,"audioPlay":false,"sceneViewState":{"showFog":true,"showMaterialUpdate":false,"showSkybox":false,"showFlares":true,"showImageEffects":true,"showParticleSystems":true},"in2DMode":false,"pivot":{"x":-1.4901161193847657e-8,"y":0.15440146625041963,"z":-2.0838342607021333e-8},"rotation":{"x":0.0041097006760537628,"y":0.9835345149040222,"z":-0.17959463596343995,"w":0.02273011952638626},"size":0.6328193545341492,"orthographic":false}