{"cameraMode":{"drawMode":0,"name":"Shaded","section":"Shading Mode"},"sceneLighting":false,"audioPlay":false,"sceneViewState":{"showFog":true,"showMaterialUpdate":false,"showSkybox":true,"showFlares":true,"showImageEffects":true,"showParticleSystems":true},"in2DMode":false,"pivot":{"x":-1.0330641269683838,"y":0.8708252310752869,"z":1.6220535039901734},"rotation":{"x":-0.038107242435216907,"y":0.711130678653717,"z":-0.038659095764160159,"w":-0.7009657025337219},"size":5.066726207733154,"orthographic":false}