{"cameraMode":{"drawMode":0,"name":"Shaded","section":"Shading Mode"},"sceneLighting":true,"audioPlay":false,"sceneViewState":{"showFog":true,"showMaterialUpdate":false,"showSkybox":true,"showFlares":true,"showImageEffects":true,"showParticleSystems":true},"in2DMode":false,"pivot":{"x":2.5099992752075197,"y":-28.54401397705078,"z":4.880000114440918},"rotation":{"x":0.024609573185443879,"y":-0.0003036005364265293,"z":-0.000002941414095403161,"w":0.9997593760490418},"size":53.76374435424805,"orthographic":false}