{"cameraMode":{"drawMode":0,"name":"Shaded","section":"Shading Mode"},"sceneLighting":false,"audioPlay":false,"sceneViewState":{"showFog":true,"showMaterialUpdate":false,"showSkybox":true,"showFlares":true,"showImageEffects":true,"showParticleSystems":true},"in2DMode":false,"pivot":{"x":3.9591102600097658,"y":-5.324385643005371,"z":7.288254261016846},"rotation":{"x":-0.3087880313396454,"y":-0.08772238343954086,"z":0.028614385053515435,"w":-0.9466447234153748},"size":17.60799217224121,"orthographic":false}